<?xml version="1.0" encoding="UTF-8"?>
<!DOCTYPE suite SYSTEM "https://testng.org/testng-1.0.dtd">
<suite name="TestNg Suite">


	<listeners>
		<listener class-name="testnglearning.CustomListeners" />
		<listener class-name="org.uncommons.reportng.HTMLReporter" />
		<listener class-name="extentlisteners.ExtentListeners" />

	</listeners>




	<test name="Dependency Test">
		<classes>

			<class name="testnglearning.TestExtentReportsNew" />
		</classes>
	</test> <!-- Test -->
</suite> <!-- Suite -->
